<?xml version="1.0" encoding="utf-8"?>
<resources>
    <color name="primary_color">@*android:color/primary_material_dark</color>
    <color name="primary_color_dark">@*android:color/primary_dark_material_dark</color>
    <color name="floating_action_button_icon_color">@*android:color/white</color>
    <color name="dialer_theme_color">@*android:color/primary_material_dark</color>
    <color name="dialer_theme_color_dark">@*android:color/primary_dark_material_dark</color>
    <color name="dialpad_primary_text_color">@*android:color/white</color>
    <color name="dialpad_secondary_text_color">@*android:color/white</color>
    <color name="dialpad_digits_text_color">@*android:color/white</color>
    <color name="dialtacts_primary_text_color">@*android:color/white</color>
    <color name="call_log_extras_text_color">@*android:color/white</color>
    <color name="text_highlight_color">@*android:color/accent_material_dark</color>
    <color name="dialer_activity_background">@*android:color/white</color>
    <color name="dialer_dialpad_touch_tint">@*android:color/accent_material_dark</color>
    
    <color name="dialtacts_theme_color">@*android:color/accent_material_dark</color>
    <color name="contact_list_name_text_color">@*android:color/white</color>
    <color name="call_log_action_text">@*android:color/white</color>
    <color name="dialtacts_secondary_text_color">#4dffffff</color>
    <color name="dialer_green_highlight_color">@*android:color/holo_green_light</color>
    <color name="frequently_contacted_title_color">@*android:color/white</color>
    <color name="nofavorite_text_color">@*android:color/white</color>
    <color name="primary_text_color">@*android:color/white</color>
    <color name="undo_dialogue_text_color">@*android:color/white</color>
    <color name="incall_call_banner_text_color">#2c2c2c</color>
    <color name="incall_action_bar_text_color">@*android:color/white</color>
    <color name="call_log_divider">#00ffffff</color>
    <color name="contact_all_list_background_color">@*android:color/white</color>
    <color name="call_log_expanded_background_color">@*android:color/white</color>

    <color name="incall_background_color">@*android:color/white</color>
    <color name="theme_accent">@*android:color/accent_material_dark</color>
    <color name="incall_accent_color">@*android:color/white</color>
    <color name="dialpad_icon_tint">@*android:color/white</color>
    <color name="incall_banner_secondary_background_color">@*android:color/white</color>
    <color name="incall_banner_secondary_text_color">@*android:color/white</color>
    <color name="incall_dialpad_background">@*android:color/white</color>
    <color name="searchbox_text_color">#434C5E</color>
    <color name="searchbox_background_color">@android:color/white</color>
    <color name="searchbox_hint_text_color">#434C5E</color>
    <color name="searchbox_icon_tint">#434C5E</color>
    <color name="search_shortcut_background_color">@android:color/white</color>
    <color name="search_shortcut_icon_color">@android:color/holo_blue_light</color>
    <color name="recent_call_log_item_phone_icon_tint">@*android:color/white</color>
    <color name="dialer_red_highlight_color">@*android:color/holo_red_light</color>
    <color name="tab_selected_underline_color">@*android:color/white</color>
    <color name="actionbar_unselected_text_color">@*android:color/white</color>
    <color name="incall_dialpad_background_pressed">#a3b4b4b4</color>
    <color name="tab_ripple_color">#a3b4b4b4</color>
    <color name="incall_dialpad_touch_tint">#a3b4b4b4</color>
    <color name="incall_action_bar_background_color">@*android:color/primary_material_dark</color>
    <color name="button_selected_color">@*android:color/primary_dark_material_dark</color>
    <color name="glowpad_end_call_widget_normal_tint">#ffca3e40</color>
    <color name="popup_menu_color">@*android:color/primary_material_dark</color>

    <color name="holo_list_background_color">@*android:color/material_grey_850</color>
    <color name="cardview_light_background">@*android:color/material_grey_850</color>

    <color name="primtext">@*android:color/white</color>
    <color name="sectext">@*android:color/white</color>

    <color name="dialpad_separator_color">#00ffffff</color>
    <color name="dialpad_separator_line_color">#00ffffff</color>

    <color name="actionbar_background_color">@*android:color/primary_material_dark</color>

    <color name="recent_title_color">@*android:color/accent_material_dark</color>
    <color name="quickcontact_default_photo_tint_color">@*android:color/primary_dark_material_dark</color>
    <color name="quickcontact_default_photo_tint_color_dark">@*android:color/primary_dark_material_dark</color>
    <color name="letter_tile_default_color">@*android:color/accent_material_dark</color>

    <color name="screen_bg_color">@*android:color/white</color>
    <color name="actionbar_background_color_dark">@*android:color/primary_material_dark</color>

    <color name="item_selected">#a3b4b4b4</color>

    <color name="call_log_voicemail_status_action_text_color">@*android:color/primary_material_dark</color>
    <color name="call_log_header_color">@*android:color/primary_material_dark</color>
    <color name="voicemail_playback_seek_bar_already_played">@*android:color/primary_material_dark</color>
    <color name="quick_msg_footer_text_color">@*android:color/primary_material_dark</color>
    <color name="nav_tab_item_selected_color">@*android:color/primary_material_dark</color>
    <color name="header_background_color">@*android:color/white</color>
    <color name="header_border_color">@*android:color/white</color>
    <color name="header_text_color">@*android:color/white</color>
    <color name="call_log_voicemail_highlight_color">@*android:color/primary_material_dark</color>
    <color name="quick_msg_item_icon_color">@*android:color/primary_material_dark</color>
    <color name="secondary_call_info_divider_highlight_color">#00ffffff</color>
    <color name="expanding_card_color">@*android:color/white</color>
    <color name="expanding_card_selected_color">@*android:color/white</color>
    <color name="expanding_card_start_gradient">#00ffffff</color>

    <color name="call_log_icon_tint">@*android:color/white</color>
    <color name="call_log_primary_color">@*android:color/white</color>
    <color name="call_log_detail_color">@*android:color/white</color>
    <color name="call_log_voicemail_transcript_color">@*android:color/white</color>
    <color name="call_log_action_color">@*android:color/white</color>
    <color name="call_log_day_group_heading_color">@*android:color/white</color>
    <color name="call_log_unread_text_color">@*android:color/white</color>
    <color name="recent_name_color">@*android:color/white</color>

    <color name="button_background_color">@*android:color/material_grey_850</color>

    <color name="glowpad_incoming_widget_background_tint">#ffffffff</color>
    <color name="glowpad_incoming_widget_tint">@*android:color/accent_material_dark</color>

    <color name="background_dialpad">@*android:color/material_grey_850</color>
    <color name="background_dialer_white">@*android:color/material_grey_850</color>
    <color name="background_dialer_light">@*android:color/material_grey_850</color>
    <color name="background_dialer_results">@*android:color/material_grey_850</color>
    <color name="background_dialer_list_items">@*android:color/material_grey_850</color>
    <color name="background_dialer_details_list_items">@*android:color/material_grey_850</color>
    <color name="background_primary">@*android:color/material_grey_850</color>
    <color name="background_material_light">@*android:color/material_grey_850</color>
    <color name="setting_background_color">@*android:color/material_grey_850</color>

    <color name="Teal_700">@*android:color/accent_material_dark</color>
    <color name="Teal_800">@*android:color/accent_material_light</color>
    <color name="accent_material_dark">@*android:color/accent_material_dark</color>
    <color name="accent_material_light">@*android:color/accent_material_light</color>
    <color name="Indigo_700">@*android:color/accent_material_dark</color>
    <color name="Indigo_800">@*android:color/accent_material_light</color>
    <color name="Purple_700">@*android:color/accent_material_dark</color>
    <color name="Purple_800">@*android:color/accent_material_light</color>
    <color name="Pink_700">@*android:color/accent_material_dark</color>
    <color name="Pink_800">@*android:color/accent_material_light</color>
    <color name="holo_red_light">@*android:color/accent_material_dark</color>
    <color name="holo_red_dark">@*android:color/accent_material_light</color>

    <array name="letter_tile_colors">
        <item>@*android:color/primary_material_dark</item>
        <item>@*android:color/primary_material_dark</item>
        <item>@*android:color/primary_material_dark</item>
        <item>@*android:color/primary_material_dark</item>
        <item>@*android:color/primary_material_dark</item>
        <item>@*android:color/primary_material_dark</item>
        <item>@*android:color/primary_material_dark</item>
        <item>@*android:color/primary_material_dark</item>
        <item>@*android:color/primary_material_dark</item>
        <item>@*android:color/primary_material_dark</item>
        <item>@*android:color/primary_material_dark</item>
        <item>@*android:color/primary_material_dark</item>
        <item>@*android:color/primary_material_dark</item>
        <item>@*android:color/primary_material_dark</item>
    </array>

    <array name="letter_tile_colors_dark">
        <item>@*android:color/primary_material_dark</item>
        <item>@*android:color/primary_material_dark</item>
        <item>@*android:color/primary_material_dark</item>
        <item>@*android:color/primary_material_dark</item>
        <item>@*android:color/primary_material_dark</item>
        <item>@*android:color/primary_material_dark</item>
        <item>@*android:color/primary_material_dark</item>
        <item>@*android:color/primary_material_dark</item>
        <item>@*android:color/primary_material_dark</item>
        <item>@*android:color/primary_material_dark</item>
        <item>@*android:color/primary_material_dark</item>
        <item>@*android:color/primary_material_dark</item>
        <item>@*android:color/primary_material_dark</item>
        <item>@*android:color/primary_material_dark</item>
    </array>
</resources>