<?xml version="1.0" encoding="utf-8"?>
<resources>

    <style name="AlertDialogTheme" parent="@android:style/Theme.Material.Dialog" />
    <style name="Platform.AppCompat.Light" parent="@android:style/Theme.Material">
        <item name="android:windowNoTitle">true</item>
        <item name="android:windowActionBar">false</item>
        <item name="android:colorBackground">#424242</item>
    </style>

    <style name="ListViewStyle" parent="@android:style/Widget.Material.ListView">
        <item name="android:overScrollMode">always</item>
        <item name="android:background">#424242</item>
    </style>

    <style name="Base.Widget.AppCompat.Light.PopupMenu" parent="@android:style/Widget.Material.PopupMenu" />

</resources>