<?xml version="1.0" encoding="utf-8"?>
<resources>
    <attr name="windowActionBar" format="boolean" />
    <attr name="colorControlHighlight" format="color" />
    <attr name="colorControlNormal" format="color" />
    <attr name="colorControlActivated" format="color" />
    <attr name="colorBackground" format="color" />
    <attr name="imeFullscreenBackground" format="reference|color" />
    <attr name="textColorSecondary" format="reference|color" />
    <attr name="colorPrimary" format="color" />
    <attr name="colorPrimaryDark" format="color" />
    <attr name="colorAccent" format="color" />
    <attr name="textColor" format="reference|color" />
    <attr name="windowBackground" format="reference" />
    <attr name="windowNoTitle" format="boolean" />
    <attr name="windowIsTranslucent" format="boolean" />
    <attr name="windowContentOverlay" format="reference" />
    <attr name="backgroundDimEnabled" format="boolean" />
    <attr name="windowTranslucentStatus" format="boolean" />
    <attr name="windowTranslucentNavigation" format="boolean" />
    <attr name="windowDrawsSystemBarBackgrounds" format="boolean" />
    <attr name="statusBarColor" format="color" />
</resources>