<?xml version="1.0" encoding="utf-8"?>
<resources>
    <style name="Theme.DeviceDefault.Light" parent="@android:style/Theme.Material" />
    <style name="Theme.DeviceDefault" parent="@android:style/Theme.Material" />
    <style name="Theme.Material.Light.Dialog.NoActionBar" parent="@android:style/Theme.Material.Dialog">
        <item name="windowActionBar">false</item>
        <item name="windowNoTitle">true</item>
    </style>

    <style name="Theme.DeviceDefault.Resolver" parent="@android:style/Theme.Material">
        <item name="android:windowBackground">@*android:color/transparent</item>
        <item name="android:windowNoTitle">true</item>
        <item name="android:windowIsTranslucent">true</item>
        <item name="android:windowContentOverlay">@null</item>
        <item name="android:backgroundDimEnabled">true</item>
        <item name="android:backgroundTint">@*android:color/material_grey_800</item>
        <item name="android:listPreferredItemPaddingStart">?android:dialogPreferredPadding</item>
        <item name="android:listPreferredItemPaddingEnd">?android:dialogPreferredPadding</item>
        <item name="android:colorControlActivated">?android:colorControlHighlight</item>
        <item name="android:colorPrimary">@*android:color/primary_device_default_light</item>
        <item name="android:colorPrimaryDark">@*android:color/primary_dark_device_default_light</item>
        <item name="android:colorAccent">@*android:color/accent_device_default_light</item>
        <item name="android:statusBarColor">@*android:color/transparent</item>
    </style>

    <style name="Widget.DeviceDefault.Light" parent="@android:style/Widget.Material" />
    <style name="Widget.DeviceDefault.Light.Button" parent="@android:style/Widget.Material.Button" />
    <style name="Widget.DeviceDefault.Light.Button.Small" parent="@android:style/Widget.Material.Button.Small" />
    <style name="Widget.DeviceDefault.Light.Button.Inset" parent="@android:style/Widget.Material.Button.Inset" />
    <style name="Widget.DeviceDefault.Light.Button.Toggle" parent="@android:style/Widget.Material.Button.Toggle" />
    <style name="Widget.DeviceDefault.Light.Button.Borderless.Small" parent="@android:style/Widget.Material.Button.Borderless.Small" />
    <style name="Widget.DeviceDefault.Light.TextView" parent="@android:style/Widget.Material.TextView" />
    <style name="Widget.DeviceDefault.Light.AutoCompleteTextView" parent="@android:style/Widget.Material.AutoCompleteTextView" />
    <style name="Widget.DeviceDefault.Light.CompoundButton.CheckBox" parent="@android:style/Widget.Material.CompoundButton.CheckBox" />
    <style name="Widget.DeviceDefault.Light.ListView.DropDown" parent="@android:style/Widget.Material.ListView.DropDown" />
    <style name="Widget.DeviceDefault.Light.EditText" parent="@android:style/Widget.Material.EditText" />
    <style name="Widget.DeviceDefault.Light.ExpandableListView" parent="@android:style/Widget.Material.ExpandableListView" />
    <style name="Widget.DeviceDefault.Light.GridView" parent="@android:style/Widget.Material.GridView" />
    <style name="Widget.DeviceDefault.Light.ImageButton" parent="@android:style/Widget.Material.ImageButton" />
    <style name="Widget.DeviceDefault.Light.ListView" parent="@android:style/Widget.Material.ListView" />
    <style name="Widget.DeviceDefault.Light.PopupWindow" parent="@android:style/Widget.Material.PopupWindow" />
    <style name="Widget.DeviceDefault.Light.ProgressBar" parent="@android:style/Widget.Material.ProgressBar" />
    <style name="Widget.DeviceDefault.Light.ProgressBar.Horizontal" parent="@android:style/Widget.Material.ProgressBar.Horizontal" />
    <style name="Widget.DeviceDefault.Light.ProgressBar.Small" parent="@android:style/Widget.Material.ProgressBar.Small" />
    <style name="Widget.DeviceDefault.Light.ProgressBar.Small.Title" parent="@android:style/Widget.Material.ProgressBar.Small.Title" />
    <style name="Widget.DeviceDefault.Light.ProgressBar.Large" parent="@android:style/Widget.Material.ProgressBar.Large" />
    <style name="Widget.DeviceDefault.Light.SeekBar" parent="@android:style/Widget.Material.SeekBar" />
    <style name="Widget.DeviceDefault.Light.RatingBar" parent="@android:style/Widget.Material.RatingBar" />
    <style name="Widget.DeviceDefault.Light.RatingBar.Indicator" parent="@android:style/Widget.Material.RatingBar.Indicator" />
    <style name="Widget.DeviceDefault.Light.RatingBar.Small" parent="@android:style/Widget.Material.RatingBar.Small" />
    <style name="Widget.DeviceDefault.Light.CompoundButton.RadioButton" parent="@android:style/Widget.Material.CompoundButton.RadioButton" />
    <style name="Widget.DeviceDefault.Light.ScrollView" parent="@android:style/Widget.Material.ScrollView" />
    <style name="Widget.DeviceDefault.Light.HorizontalScrollView" parent="@android:style/Widget.Material.HorizontalScrollView" />
    <style name="Widget.DeviceDefault.Light.Spinner" parent="@android:style/Widget.Material.Spinner" />
    <style name="Widget.DeviceDefault.Light.CompoundButton.Star" parent="@android:style/Widget.Material.CompoundButton.Star" />
    <style name="Widget.DeviceDefault.Light.TabWidget" parent="@android:style/Widget.Material.TabWidget" />
    <style name="Widget.DeviceDefault.Light.WebTextView" parent="@android:style/Widget.Material.WebTextView" />
    <style name="Widget.DeviceDefault.Light.WebView" parent="@android:style/Widget.Material.WebView" />
    <style name="Widget.DeviceDefault.Light.DropDownItem" parent="@android:style/Widget.Material.DropDownItem" />
    <style name="Widget.DeviceDefault.Light.DropDownItem.Spinner" parent="@android:style/Widget.Material.DropDownItem.Spinner" />
    <style name="Widget.DeviceDefault.Light.TextView.SpinnerItem" parent="@android:style/Widget.Material.TextView.SpinnerItem" />
    <style name="Widget.DeviceDefault.Light.ListPopupWindow" parent="@android:style/Widget.Material.ListPopupWindow" />
    <style name="Widget.DeviceDefault.Light.PopupMenu" parent="@android:style/Widget.Material.PopupMenu" />
    <style name="Widget.DeviceDefault.Light.Tab" parent="@android:style/Widget.Material.Tab" />
    <style name="Widget.DeviceDefault.Light.CalendarView" parent="@android:style/Widget.Material.CalendarView" />
    <style name="Widget.DeviceDefault.Light.ActionButton" parent="@android:style/Widget.Material.ActionButton" />
    <style name="Widget.DeviceDefault.Light.ActionButton.Overflow" parent="@android:style/Widget.Material.ActionButton.Overflow" />
    <style name="Widget.DeviceDefault.Light.ActionMode" parent="@android:style/Widget.Material.ActionMode" />
    <style name="Widget.DeviceDefault.Light.ActionButton.CloseMode" parent="@android:style/Widget.Material.ActionButton.CloseMode" />
    <style name="Widget.DeviceDefault.Light.ActionBar" parent="@android:style/Widget.Material.ActionBar" />
    <style name="Widget.DeviceDefault.Light.ActionBar.TabView" parent="@android:style/Widget.Material.ActionBar.TabView" />
    <style name="Widget.DeviceDefault.Light.ActionBar.TabText" parent="@android:style/Widget.Material.ActionBar.TabText" />
    <style name="Widget.DeviceDefault.Light.ActionBar.TabBar" parent="@android:style/Widget.Material.ActionBar.TabBar" />
    <style name="Widget.DeviceDefault.Light.ActionBar.Solid" parent="@android:style/Widget.Material.ActionBar.Solid" />
    <style name="Widget.DeviceDefault.Light.MediaRouteButton" parent="@android:style/Widget.Material.MediaRouteButton" />
    <style name="Widget.DeviceDefault.Light.FastScroll" parent="@android:style/Widget.Material.FastScroll" />
    <style name="Widget.DeviceDefault.Light.StackView" parent="@android:style/Widget.Material.StackView" />
    <style name="Widget.DeviceDefault.Light.Button.Borderless" parent="@android:style/Widget.Material.Button.Borderless" />
    <style name="Widget.DeviceDefault.Light.DatePicker" parent="@android:style/Widget.Material.DatePicker" />
    <style name="Widget.DeviceDefault.Light.TimePicker" parent="@android:style/Widget.Material.TimePicker" />
    <style name="DeviceDefault.Light.ButtonBar" parent="@android:style/Widget.Material.ButtonBar" />
    <style name="DeviceDefault.Light.ButtonBar.AlertDialog" parent="@android:style/Widget.Material.ButtonBar.AlertDialog" />
    <style name="DeviceDefault.Light.SegmentedButton" parent="@android:style/Widget.Material.SegmentedButton" />
    <style name="Theme.DeviceDefault.Light.NoActionBar" parent="@android:style/Theme.Material.NoActionBar" />
    <style name="Theme.DeviceDefault.Light.NoActionBar.Fullscreen" parent="@android:style/Theme.Material.NoActionBar.Fullscreen" />
    <style name="Theme.DeviceDefault.Light.Dialog" parent="@android:style/Theme.Material.Dialog" />
    <style name="Theme.DeviceDefault.Light.Dialog.MinWidth" parent="@android:style/Theme.Material.Dialog.MinWidth" />
    <style name="Theme.DeviceDefault.Light.Dialog.NoActionBar" parent="@android:style/Theme.Material.Dialog.NoActionBar" />
    <style name="Theme.DeviceDefault.Light.Dialog.NoActionBar.MinWidth" parent="@android:style/Theme.Material.Dialog.NoActionBar.MinWidth" />
    <style name="Theme.DeviceDefault.Light.DialogWhenLarge" parent="@android:style/Theme.Material.DialogWhenLarge" />
    <style name="Theme.DeviceDefault.Light.DialogWhenLarge.NoActionBar" parent="@android:style/Theme.Material.DialogWhenLarge.NoActionBar" />
    <style name="Theme.DeviceDefault.Light.Panel" parent="@android:style/Theme.Material.Panel" />
    <style name="Theme.DeviceDefault.Light.DarkActionBar" parent="@android:style/Theme.Material" />
    <style name="Theme.DeviceDefault.Light.NoActionBar.Overscan" parent="@android:style/Theme.Material.NoActionBar.Overscan" />
    <style name="Theme.DeviceDefault.Light.NoActionBar.TranslucentDecor" parent="@android:style/Theme.Material.NoActionBar.TranslucentDecor" />
    <style name="Theme.Dialog.RecentApplications" parent="@android:style/Theme.DeviceDefault.Dialog" />
    <style name="Theme.DeviceDefault.Light.Dialog.FixedSize" parent="@android:style/Theme.DeviceDefault.Dialog" />
    <style name="Theme.DeviceDefault.Light.Dialog.NoActionBar.FixedSize" parent="@android:style/Theme.DeviceDefault.Dialog.NoActionBar" />
    <style name="Theme.DeviceDefault.Light.Dialog.Presentation" parent="@android:style/Theme.Material.Dialog.Presentation" />
    <style name="Theme.DeviceDefault.Light.Dialog.Alert" parent="@android:style/Theme.Material.Dialog.Alert" />
    <style name="Theme.DeviceDefault.Light.SearchBar" parent="@style/Theme.Material.SearchBar" />
    <style name="Theme.DeviceDefault.Settings" parent="@android:style/Theme.Material">
        <item name="android:colorPrimary">@*android:color/primary_material_dark</item>
        <item name="android:colorPrimaryDark">@*android:color/primary_dark_material_dark</item>
        <item name="android:colorAccent">@*android:color/accent_material_dark</item>
        <item name="android:statusBarColor">@*android:color/primary_dark_material_dark</item>
        <item name="android:navigationBarColor">@*android:color/material_grey_850</item>
    </style>
    <style name="Theme.Material.Settings" parent="@android:style/Theme.Material">
        <item name="android:statusBarColor">@*android:color/primary_dark_material_dark</item>
        <item name="android:navigationBarColor">@*android:color/material_grey_850</item>
    </style>
    <style name="Theme.Material.Settings.NoActionBar" parent="@android:style/Theme.Material.NoActionBar">
        <item name="android:navigationBarColor">@*android:color/material_grey_850</item>
    </style>
    <style name="Theme.Material.Settings.BaseDialog" parent="@*android:style/Theme.Material.BaseDialog"/>
    <style name="Theme.Material.Settings.Dialog.BaseAlert" parent="@*android:style/Theme.Material.Dialog.BaseAlert"/>
    <style name="Theme.Material.Settings.DialogWhenLarge" parent="@android:style/Theme.Material.DialogWhenLarge"/>
    <style name="Theme.Material.Settings.DialogWhenLarge.NoActionBar" parent="@android:style/Theme.Material.DialogWhenLarge.NoActionBar"/>
    <style name="Theme.Material.Settings.Dialog.Presentation" parent="@android:style/Theme.Material.Dialog.Presentation"/>
    <style name="Theme.Material.Settings.SearchBar" parent="@*android:style/Theme.Material.SearchBar"/>
    <style name="Theme.Material.Settings.CompactMenu" parent="@*android:style/Theme.Material.CompactMenu"/>
    <style name="Theme.Material.SearchBar" parent="@android:style/Theme.Material.Panel" />
    <style name="TextAppearance.StatusBar" parent="@android:style/TextAppearance">
        <item name="android:textAppearance">?android:textAppearanceSmall</item>
    </style>
    <style name="Theme.Material.DayNight" parent="@android:style/Theme.Material" />
    <style name="Theme.Material.DayNight.DarkActionBar" parent="@android:style/Theme.Material" />
    <style name="Theme.Material.DayNight.Dialog.MinWidth" parent="@android:style/Theme.Material.Dialog.MinWidth" />
    <style name="Theme.Material.DayNight.Dialog.NoActionBar" parent="@android:style/Theme.Material.Dialog.NoActionBar" />
    <style name="Theme.Material.DayNight.Dialog.NoActionBar.MinWidth" parent="@android:style/Theme.Material.Dialog.NoActionBar.MinWidth" />
    <style name="Theme.Material.DayNight.Dialog.Presentation" parent="@android:style/Theme.Material.Dialog.Presentation" />
    <style name="Theme.Material.DayNight.DialogWhenLarge" parent="@android:style/Theme.Material.DialogWhenLarge" />
    <style name="Theme.Material.DayNight.DialogWhenLarge.NoActionBar" parent="@android:style/Theme.Material.DialogWhenLarge.NoActionBar" />
    <style name="Theme.Material.DayNight.NoActionBar" parent="@android:style/Theme.Material.NoActionBar" />
    <style name="Theme.Material.DayNight.NoActionBar.Fullscreen" parent="@android:style/Theme.Material.NoActionBar.Fullscreen" />
    <style name="Theme.Material.DayNight.NoActionBar.Overscan" parent="@android:style/Theme.Material.NoActionBar.Overscan" />
    <style name="Theme.Material.DayNight.NoActionBar.TranslucentDecor" parent="@android:style/Theme.Material.NoActionBar.TranslucentDecor" />
    <style name="Theme.Material.DayNight.Panel" parent="@android:style/Theme.Material.Panel" />
    <style name="Theme.Material.DayNight.BaseDialog" parent="@android:style/Theme.Material.Dialog" />
    <style name="Theme.Material.DayNight.Dialog.FixedSize" parent="@style/Theme.Material.DayNight.Dialog.NoActionBar.FixedSize" />
    <style name="Theme.Material.DayNight.Dialog.NoActionBar.FixedSize" parent="@android:style/Theme.Material.Dialog" />
    <style name="Theme.Material.DayNight.Dialog.BaseAlert" parent="@android:style/Theme.Material.Dialog" />
    <style name="Theme.Material.InputMethod" parent="@android:style/Theme.Material.Panel" />
    <style name="TextAppearance.Material.Body2" parent="@android:style/TextAppearance.Material"><!-- Titles inside settings categories-->
        <item name="android:textSize">16.0sp</item>
        <item name="android:textAllCaps">true</item>
    </style>
    <style name="TextAppearance.Material.Title" parent="@android:style/TextAppearance.Material"><!-- Actionbar Title-->
        <item name="android:textSize">16.0sp</item>
        <item name="android:textColor">?android:textColorPrimary</item>
        <item name="android:textAllCaps">true</item>
    </style>
</resources>