<resources>
    <color name="primary_material_dark">@*android:color/primary_dark_material_dark</color>
    <color name="primary_material_light">@*android:color/primary_material_dark</color>
    <color name="primary_dark_material_dark">@*android:color/primary_dark_material_dark</color>
    <color name="primary_dark_material_light">@*android:color/primary_material_dark</color>

    <color name="suw_color_accent_glif_dark">@*android:color/accent_material_dark</color>
    <color name="suw_color_accent_glif_light">@*android:color/accent_material_dark</color>
    <color name="material_blue_500">@*android:color/accent_material_dark</color>
    <color name="material_blue_700">@*android:color/accent_material_dark</color>

    <color name="accent_material_light">@*android:color/accent_material_dark</color>
    <color name="accent_material_dark">@*android:color/accent_material_dark</color>
    <color name="theme_accent">@*android:color/accent_material_dark</color>
    <color name="switchbar_background_color">@*android:color/primary_material_dark</color>
    <color name="switch_accent_color">@*android:color/accent_material_dark</color>
    <color name="memory_apps_usage">@*android:color/accent_material_dark</color>
    <color name="running_processes_apps_ram">#ff464646</color>
    <color name="running_processes_free_ram">@*android:color/material_grey_850</color>
    <color name="running_processes_system_ram">#ff6b6b6b</color>

    <color name="white">@android:color/white</color>
    <color name="text_color_black">@*android:color/primary_dark_material_dark</color>
    <color name="preference_background_color">@android:color/white</color>
    <color name="theme_primary">@*android:color/primary_material_dark</color>
    <color name="theme_primary_dark">@*android:color/primary_dark_material_dark</color>
    <color name="material_dark_grey">@*android:color/primary_material_dark</color>
    <color name="settings_title_text">@*android:color/primary_dark_material_dark</color>
    <color name="extrainfo_separator">@android:color/transparent</color>
    <color name="extrainfo_cat_background">@*android:color/primary_material_dark</color>
    <color name="extrainfo_cat_text">@android:color/white</color>
    <color name="extrainfo_value_text">#ff212121</color>
    <color name="cardview_light_background">@*android:color/material_grey_850</color>
    <color name="cardview_dark_background">@*android:color/material_grey_850</color>
    <color name="background_tab_pressed">@*android:color/primary_material_dark</color>


    <color name="ripple_material_dark">#4dffffff</color>
    <color name="ripple_material_light">#4dffffff</color>
    <color name="dashboard_category_title_bg_color">@*android:color/transparent</color>


    <color name="divider_color">@*android:color/transparent</color>
    <color name="lock_pattern_view_regular_color">#ff343434</color>
    <color name="data_usage_stroke_color">#ff6b6b6b</color>
    <color name="data_usage_fill_color">@*android:color/white</color>
    <color name="data_usage_secondary_fill_color">@*android:color/accent_material_light</color>
    <color name="data_usage_label_color">#ff343434</color>
    <color name="data_usage_secondary_label_color">#ff343434</color>
    <color name="warning">@*android:color/accent_material_dark</color>
    <color name="material_deep_teal_500">@*android:color/accent_material_dark</color>
    <color name="storage_summary_text_color">@*android:color/accent_material_dark</color>
    <color name="storage_summary_used_text_color">@*android:color/white</color>

    <color name="floating_action_button_touch_tint">@*android:color/primary_dark_material_dark</color>
    <color name="screencolor_background">#4d000000</color>
    <drawable name="transparent_background">@*android:color/transparent</drawable>
    <color name="expanded_button_color_normal">@*android:color/primary_material_dark</color>
    <color name="expanded_button_color_close">@*android:color/primary_material_dark</color>
    <color name="qs_tile_tint_color">@android:color/white</color>
    <color name="background_color_accent_material_dark">@*android:color/primary_material_dark</color>
    <color name="background_color_transparent">@*android:color/transparent</color>
    <color name="background_color_white">@*android:color/white</color>
    <color name="text_color_accent_material_dark">@*android:color/accent_material_dark</color>
    <color name="text_color_secondary_text_material_light">@*android:color/secondary_text_material_light</color>
    <color name="text_color_translucent_white">#4dffffff</color>
    <color name="text_color_white">@*android:color/white</color>
    <color name="lockscreen_shortcuts_text_color">@*android:color/white</color>
    <color name="lockscreen_shortcuts_tint_color">@*android:color/white</color>
    <color name="ownerinfo_divider_color">#00ffffff</color>
    <color name="security_settings_billing_desc_color">@*android:color/accent_material_dark</color>


    <color name="storage_volume_color_private1">@*android:color/accent_material_dark</color>
    <color name="storage_summary_title_color">@*android:color/accent_material_dark</color>



    <color name="wifi_divider">@*android:color/transparent</color>
    <color name="material_grey_300">@*android:color/white</color>

    <!--backgrounds-->
    <color name="card_background">#424242</color>
    <color name="card_background_grey">#424242</color>
    <color name="dashboard_category_background_color">#424242</color>
    <color name="dashboard_background_color">#424242</color>
    <color name="background_color_gray">#424242</color>

    <!-- Gestures settings -->
    <color name="gestures_setting_background_color">#424242</color>
    <color name="gestures_switchbar_color">#424242</color>
    <color name="usage_graph_dots">@*android:color/accent_material_dark</color>
    <color name="expanded_item_app_name">@*android:color/white</color>

    <!--display-->
    <color name="message_text_incoming">#ffffffff</color>
    <color name="message_text_outgoing">#ffffffff</color>
    <color name="timestamp_text_outgoing">#4dffffff</color>
    <color name="timestamp_text_incoming">#4dffffff</color>
    <color name="message_bubble_incoming">#616161</color>
    <color name="message_bubble_outgoing">@*android:color/accent_material_dark</color>
    <color name="message_icon_background_incoming">#616161</color>
    <color name="message_icon_text_incoming">#ffffffff</color>
    <color name="message_icon_background_outgoing">@*android:color/accent_material_dark</color>
    <color name="message_icon_text_outgoing">#ffffffff</color>
    <color name="conversation_background">#424242</color>
</resources>