<?xml version="1.0" encoding="utf-8"?>
<resources>
    <style name="Theme.SettingsBase" parent="@android:style/Theme.Material">
        <item name="android:colorAccent">@*android:color/accent_material_dark</item>
        <item name="android:statusBarColor">#2c2c2c</item>
        <item name="android:navigationBarColor">#2d2d2d</item>
        <item name="android:textColorPrimaryInverse">#ffffff</item>
    </style>

    <style name="Theme.ActionBar" parent="@android:style/Widget.Material.ActionBar.Solid">
        <item name="android:background">#424242</item>
        <item name="android:elevation">0dp</item>
    </style>

    <style name="TextAppearance.CategoryTitle" parent="@*android:style/TextAppearance.Material.Small">
        <item name="android:textColor">@*android:color/accent_material_dark</item>
    </style>

    <style name="TextAppearance.CategoryTitleText" parent="@android:style/TextAppearance.Material.Small">
        <item name="android:textColor">@*android:color/accent_material_dark</item>
    </style>

    <style name="Theme.DialogWhenLarge" parent="@android:style/Theme.Material.DialogWhenLarge">
        <item name="android:colorPrimary">@*android:color/primary_material_dark</item>
        <item name="android:colorPrimaryDark">@*android:color/primary_dark_material_dark</item>
        <item name="android:colorAccent">@*android:color/accent_material_dark</item>
        <item name="android:navigationBarColor">@*android:color/primary_dark_material_dark</item>
    </style>

    <style name="Theme.AlertDialog" parent="@android:style/Theme.Material.Dialog.Alert" />



</resources>